<TextureAtlas imagePath="spritesheet_double.png">
	<SubTexture name="arm_blueA.png" x="2234" y="352" width="164" height="352"/>
	<SubTexture name="arm_blueB.png" x="2804" y="548" width="102" height="322"/>
	<SubTexture name="arm_blueC.png" x="1854" y="862" width="196" height="362"/>
	<SubTexture name="arm_blueD.png" x="1912" y="1224" width="184" height="394"/>
	<SubTexture name="arm_blueE.png" x="2432" y="1706" width="142" height="298"/>
	<SubTexture name="arm_darkA.png" x="2234" y="704" width="164" height="352"/>
	<SubTexture name="arm_darkB.png" x="2798" y="996" width="102" height="322"/>
	<SubTexture name="arm_darkC.png" x="1658" y="862" width="196" height="362"/>
	<SubTexture name="arm_darkD.png" x="2090" y="2012" width="184" height="394"/>
	<SubTexture name="arm_darkE.png" x="2562" y="2004" width="142" height="298"/>
	<SubTexture name="arm_greenA.png" x="2260" y="1056" width="164" height="352"/>
	<SubTexture name="arm_greenB.png" x="2800" y="1672" width="102" height="322"/>
	<SubTexture name="arm_greenC.png" x="1900" y="0" width="196" height="362"/>
	<SubTexture name="arm_greenD.png" x="2050" y="362" width="184" height="394"/>
	<SubTexture name="arm_greenE.png" x="2562" y="2546" width="142" height="298"/>
	<SubTexture name="arm_redA.png" x="2096" y="1502" width="164" height="352"/>
	<SubTexture name="arm_redB.png" x="2812" y="1318" width="102" height="322"/>
	<SubTexture name="arm_redC.png" x="1658" y="500" width="196" height="362"/>
	<SubTexture name="arm_redD.png" x="2050" y="756" width="184" height="394"/>
	<SubTexture name="arm_redE.png" x="2418" y="1408" width="142" height="298"/>
	<SubTexture name="arm_whiteA.png" x="2096" y="0" width="164" height="352"/>
	<SubTexture name="arm_whiteB.png" x="2780" y="2596" width="102" height="322"/>
	<SubTexture name="arm_whiteC.png" x="1894" y="2276" width="196" height="362"/>
	<SubTexture name="arm_whiteD.png" x="2090" y="2406" width="184" height="394"/>
	<SubTexture name="arm_whiteE.png" x="2542" y="488" width="142" height="298"/>
	<SubTexture name="arm_yellowA.png" x="2096" y="1150" width="164" height="352"/>
	<SubTexture name="arm_yellowB.png" x="2800" y="226" width="102" height="322"/>
	<SubTexture name="arm_yellowC.png" x="1854" y="500" width="196" height="362"/>
	<SubTexture name="arm_yellowD.png" x="1912" y="1618" width="184" height="394"/>
	<SubTexture name="arm_yellowE.png" x="2560" y="1404" width="142" height="298"/>
	<SubTexture name="body_blueA.png" x="732" y="944" width="330" height="330"/>
	<SubTexture name="body_blueB.png" x="0" y="384" width="384" height="384"/>
	<SubTexture name="body_blueC.png" x="1354" y="0" width="282" height="388"/>
	<SubTexture name="body_blueD.png" x="384" y="1092" width="348" height="364"/>
	<SubTexture name="body_blueE.png" x="1366" y="2380" width="264" height="500"/>
	<SubTexture name="body_blueF.png" x="732" y="0" width="340" height="472"/>
	<SubTexture name="body_darkA.png" x="1062" y="944" width="330" height="330"/>
	<SubTexture name="body_darkB.png" x="0" y="0" width="384" height="384"/>
	<SubTexture name="body_darkC.png" x="1354" y="388" width="282" height="388"/>
	<SubTexture name="body_darkD.png" x="384" y="364" width="348" height="364"/>
	<SubTexture name="body_darkE.png" x="1394" y="776" width="264" height="500"/>
	<SubTexture name="body_darkF.png" x="696" y="2400" width="340" height="472"/>
	<SubTexture name="body_greenA.png" x="1036" y="2258" width="330" height="330"/>
	<SubTexture name="body_greenB.png" x="0" y="1536" width="384" height="384"/>
	<SubTexture name="body_greenC.png" x="1072" y="388" width="282" height="388"/>
	<SubTexture name="body_greenD.png" x="384" y="0" width="348" height="364"/>
	<SubTexture name="body_greenE.png" x="1648" y="1776" width="264" height="500"/>
	<SubTexture name="body_greenF.png" x="732" y="472" width="340" height="472"/>
	<SubTexture name="body_redA.png" x="1036" y="1928" width="330" height="330"/>
	<SubTexture name="body_redB.png" x="0" y="1920" width="384" height="384"/>
	<SubTexture name="body_redC.png" x="1072" y="0" width="282" height="388"/>
	<SubTexture name="body_redD.png" x="0" y="2304" width="348" height="364"/>
	<SubTexture name="body_redE.png" x="1636" y="0" width="264" height="500"/>
	<SubTexture name="body_redF.png" x="384" y="1456" width="340" height="472"/>
	<SubTexture name="body_whiteA.png" x="1036" y="2588" width="330" height="330"/>
	<SubTexture name="body_whiteB.png" x="0" y="768" width="384" height="384"/>
	<SubTexture name="body_whiteC.png" x="1366" y="1992" width="282" height="388"/>
	<SubTexture name="body_whiteD.png" x="384" y="728" width="348" height="364"/>
	<SubTexture name="body_whiteE.png" x="1630" y="2380" width="264" height="500"/>
	<SubTexture name="body_whiteF.png" x="724" y="1456" width="340" height="472"/>
	<SubTexture name="body_yellowA.png" x="1064" y="1274" width="330" height="330"/>
	<SubTexture name="body_yellowB.png" x="0" y="1152" width="384" height="384"/>
	<SubTexture name="body_yellowC.png" x="1366" y="1604" width="282" height="388"/>
	<SubTexture name="body_yellowD.png" x="348" y="2304" width="348" height="364"/>
	<SubTexture name="body_yellowE.png" x="1648" y="1276" width="264" height="500"/>
	<SubTexture name="body_yellowF.png" x="696" y="1928" width="340" height="472"/>
	<SubTexture name="detail_blue_antenna_large.png" x="2704" y="2596" width="76" height="116"/>
	<SubTexture name="detail_blue_antenna_small.png" x="2884" y="870" width="52" height="84"/>
	<SubTexture name="detail_blue_ear.png" x="2814" y="2110" width="76" height="88"/>
	<SubTexture name="detail_blue_ear_round.png" x="2564" y="2844" width="108" height="108"/>
	<SubTexture name="detail_blue_eye.png" x="2574" y="1702" width="116" height="156"/>
	<SubTexture name="detail_blue_horn_large.png" x="2808" y="108" width="80" height="84"/>
	<SubTexture name="detail_blue_horn_small.png" x="1328" y="830" width="62" height="54"/>
	<SubTexture name="detail_dark_antenna_large.png" x="2704" y="2712" width="76" height="116"/>
	<SubTexture name="detail_dark_antenna_small.png" x="2340" y="248" width="52" height="84"/>
	<SubTexture name="detail_dark_ear.png" x="2810" y="0" width="76" height="88"/>
	<SubTexture name="detail_dark_ear_round.png" x="588" y="2036" width="108" height="108"/>
	<SubTexture name="detail_dark_eye.png" x="2684" y="244" width="116" height="156"/>
	<SubTexture name="detail_dark_horn_large.png" x="2804" y="870" width="80" height="84"/>
	<SubTexture name="detail_dark_horn_small.png" x="970" y="1390" width="62" height="54"/>
	<SubTexture name="detail_green_antenna_large.png" x="2814" y="1994" width="76" height="116"/>
	<SubTexture name="detail_green_antenna_small.png" x="1004" y="1274" width="52" height="84"/>
	<SubTexture name="detail_green_ear.png" x="2814" y="2402" width="76" height="88"/>
	<SubTexture name="detail_green_ear_round.png" x="2672" y="2844" width="108" height="108"/>
	<SubTexture name="detail_green_eye.png" x="2566" y="1062" width="116" height="156"/>
	<SubTexture name="detail_green_horn_large.png" x="2260" y="248" width="80" height="84"/>
	<SubTexture name="detail_green_horn_small.png" x="1328" y="776" width="62" height="54"/>
	<SubTexture name="detail_red_antenna_large.png" x="2814" y="2286" width="76" height="116"/>
	<SubTexture name="detail_red_antenna_small.png" x="2886" y="0" width="52" height="84"/>
	<SubTexture name="detail_red_ear.png" x="2814" y="2198" width="76" height="88"/>
	<SubTexture name="detail_red_ear_round.png" x="2574" y="1858" width="108" height="108"/>
	<SubTexture name="detail_red_eye.png" x="2566" y="1218" width="116" height="156"/>
	<SubTexture name="detail_red_horn_large.png" x="612" y="2704" width="80" height="84"/>
	<SubTexture name="detail_red_horn_small.png" x="1272" y="1846" width="62" height="54"/>
	<SubTexture name="detail_white_antenna_large.png" x="2882" y="2490" width="76" height="116"/>
	<SubTexture name="detail_white_antenna_small.png" x="2888" y="84" width="52" height="84"/>
	<SubTexture name="detail_white_ear.png" x="2882" y="2810" width="76" height="88"/>
	<SubTexture name="detail_white_ear_round.png" x="588" y="1928" width="108" height="108"/>
	<SubTexture name="detail_white_eye.png" x="2682" y="1062" width="116" height="156"/>
	<SubTexture name="detail_white_horn_large.png" x="1804" y="2276" width="80" height="84"/>
	<SubTexture name="detail_white_horn_small.png" x="1328" y="884" width="62" height="54"/>
	<SubTexture name="detail_yellow_antenna_large.png" x="2882" y="2606" width="76" height="116"/>
	<SubTexture name="detail_yellow_antenna_small.png" x="2814" y="2490" width="52" height="84"/>
	<SubTexture name="detail_yellow_ear.png" x="2882" y="2722" width="76" height="88"/>
	<SubTexture name="detail_yellow_ear_round.png" x="2702" y="0" width="108" height="108"/>
	<SubTexture name="detail_yellow_eye.png" x="2682" y="1218" width="116" height="156"/>
	<SubTexture name="detail_yellow_horn_large.png" x="612" y="2788" width="80" height="84"/>
	<SubTexture name="detail_yellow_horn_small.png" x="968" y="2872" width="62" height="54"/>
	<SubTexture name="eye_angry_blue.png" x="876" y="1274" width="128" height="116"/>
	<SubTexture name="eye_angry_green.png" x="1394" y="1494" width="120" height="110"/>
	<SubTexture name="eye_angry_red.png" x="1514" y="1494" width="120" height="110"/>
	<SubTexture name="eye_blue.png" x="1900" y="362" width="128" height="138"/>
	<SubTexture name="eye_closed_feminine.png" x="864" y="2872" width="100" height="36"/>
	<SubTexture name="eye_closed_happy.png" x="612" y="2668" width="84" height="36"/>
	<SubTexture name="eye_cute_dark.png" x="1072" y="776" width="128" height="138"/>
	<SubTexture name="eye_cute_light.png" x="2052" y="2820" width="128" height="138"/>
	<SubTexture name="eye_dead.png" x="620" y="2230" width="64" height="64"/>
	<SubTexture name="eye_human.png" x="2180" y="2820" width="128" height="138"/>
	<SubTexture name="eye_human_blue.png" x="1200" y="776" width="128" height="138"/>
	<SubTexture name="eye_human_green.png" x="2566" y="786" width="128" height="138"/>
	<SubTexture name="eye_human_red.png" x="2096" y="1854" width="128" height="138"/>
	<SubTexture name="eye_psycho_dark.png" x="2566" y="924" width="128" height="138"/>
	<SubTexture name="eye_psycho_light.png" x="2308" y="2820" width="128" height="138"/>
	<SubTexture name="eye_red.png" x="2436" y="2844" width="128" height="116"/>
	<SubTexture name="eye_yellow.png" x="2432" y="2004" width="128" height="138"/>
	<SubTexture name="eyebrowA.png" x="1268" y="1604" width="98" height="64"/>
	<SubTexture name="eyebrowB.png" x="760" y="2872" width="104" height="66"/>
	<SubTexture name="eyebrowC.png" x="856" y="1390" width="114" height="66"/>
	<SubTexture name="leg_blueA.png" x="2398" y="248" width="144" height="334"/>
	<SubTexture name="leg_blueB.png" x="2702" y="1374" width="110" height="298"/>
	<SubTexture name="leg_blueC.png" x="2260" y="1656" width="158" height="248"/>
	<SubTexture name="leg_blueD.png" x="2418" y="0" width="142" height="244"/>
	<SubTexture name="leg_blueE.png" x="408" y="2668" width="204" height="218"/>
	<SubTexture name="leg_darkA.png" x="2418" y="2486" width="144" height="334"/>
	<SubTexture name="leg_darkB.png" x="2694" y="698" width="110" height="298"/>
	<SubTexture name="leg_darkC.png" x="2274" y="1904" width="158" height="248"/>
	<SubTexture name="leg_darkD.png" x="2424" y="916" width="142" height="244"/>
	<SubTexture name="leg_darkE.png" x="1064" y="1604" width="204" height="218"/>
	<SubTexture name="leg_greenA.png" x="2274" y="2486" width="144" height="334"/>
	<SubTexture name="leg_greenB.png" x="2684" y="400" width="110" height="298"/>
	<SubTexture name="leg_greenC.png" x="2260" y="0" width="158" height="248"/>
	<SubTexture name="leg_greenD.png" x="2562" y="2302" width="142" height="244"/>
	<SubTexture name="leg_greenE.png" x="1394" y="1276" width="204" height="218"/>
	<SubTexture name="leg_redA.png" x="2274" y="2152" width="144" height="334"/>
	<SubTexture name="leg_redB.png" x="2690" y="1702" width="110" height="298"/>
	<SubTexture name="leg_redC.png" x="1912" y="2012" width="158" height="248"/>
	<SubTexture name="leg_redD.png" x="2542" y="244" width="142" height="244"/>
	<SubTexture name="leg_redE.png" x="204" y="2668" width="204" height="218"/>
	<SubTexture name="leg_whiteA.png" x="2418" y="2152" width="144" height="334"/>
	<SubTexture name="leg_whiteB.png" x="2704" y="2000" width="110" height="298"/>
	<SubTexture name="leg_whiteC.png" x="2260" y="1408" width="158" height="248"/>
	<SubTexture name="leg_whiteD.png" x="2560" y="0" width="142" height="244"/>
	<SubTexture name="leg_whiteE.png" x="384" y="1928" width="204" height="218"/>
	<SubTexture name="leg_yellowA.png" x="2398" y="582" width="144" height="334"/>
	<SubTexture name="leg_yellowB.png" x="2704" y="2298" width="110" height="298"/>
	<SubTexture name="leg_yellowC.png" x="1894" y="2638" width="158" height="248"/>
	<SubTexture name="leg_yellowD.png" x="2424" y="1160" width="142" height="244"/>
	<SubTexture name="leg_yellowE.png" x="0" y="2668" width="204" height="218"/>
	<SubTexture name="mouthA.png" x="160" y="2886" width="140" height="68"/>
	<SubTexture name="mouthB.png" x="300" y="2886" width="140" height="68"/>
	<SubTexture name="mouthC.png" x="384" y="2146" width="156" height="76"/>
	<SubTexture name="mouthD.png" x="384" y="2230" width="132" height="54"/>
	<SubTexture name="mouthE.png" x="732" y="1370" width="124" height="78"/>
	<SubTexture name="mouthF.png" x="612" y="2872" width="148" height="84"/>
	<SubTexture name="mouthG.png" x="1172" y="1822" width="100" height="88"/>
	<SubTexture name="mouthH.png" x="1648" y="2276" width="156" height="104"/>
	<SubTexture name="mouthI.png" x="540" y="2146" width="148" height="84"/>
	<SubTexture name="mouthJ.png" x="732" y="1274" width="144" height="96"/>
	<SubTexture name="mouth_closed_fangs.png" x="516" y="2230" width="104" height="40"/>
	<SubTexture name="mouth_closed_happy.png" x="0" y="2886" width="160" height="48"/>
	<SubTexture name="mouth_closed_sad.png" x="864" y="2918" width="104" height="40"/>
	<SubTexture name="mouth_closed_teeth.png" x="440" y="2886" width="132" height="52"/>
	<SubTexture name="nose_brown.png" x="1064" y="1822" width="108" height="96"/>
	<SubTexture name="nose_green.png" x="2702" y="108" width="106" height="118"/>
	<SubTexture name="nose_red.png" x="1272" y="1668" width="94" height="102"/>
	<SubTexture name="nose_yellow.png" x="1272" y="1770" width="92" height="76"/>
	<SubTexture name="snot_large.png" x="1598" y="1364" width="36" height="122"/>
	<SubTexture name="snot_small.png" x="1598" y="1276" width="42" height="88"/>
</TextureAtlas>